,General awareness,Education Primary/Secondary,Education university,JT concept,Macroeconomic and growth,Industrial and sectoral policies,TVET,Skills development,Occupational safety and health,Active labour market policies,Social dialogue and tripartism
no,23.589743589743588,81.53846153846153,84.1025641025641,38.659793814432994,10.256410256410255,10.76923076923077,94.3298969072165,49.743589743589745,91.23711340206185,70.10309278350515,82.56410256410255
yes,76.41025641025641,18.461538461538463,15.897435897435896,61.34020618556701,89.74358974358975,89.23076923076924,5.670103092783505,50.256410256410255,8.762886597938143,29.896907216494846,17.435897435897434
